{"cameraMode":{"drawMode":0,"name":"Shaded","section":"Shading Mode"},"sceneLighting":true,"audioPlay":false,"sceneViewState":{"showFog":true,"showMaterialUpdate":false,"showSkybox":true,"showFlares":true,"showImageEffects":false,"showParticleSystems":true},"in2DMode":false,"pivot":{"x":-7.366177558898926,"y":-1.8402800559997559,"z":-6.614765167236328},"rotation":{"x":0.04051429033279419,"y":-0.9593775868415833,"z":0.1897936761379242,"w":0.20477735996246339},"size":14.426162719726563,"orthographic":false}